{
    "GA": {
        "accuracy": 0.7026666666666667,
        "precision": 0.5348399246704332,
        "recall": 0.587991718426501,
        "f1": 0.5601577909270217,
        "time": 4.847273826599121
    },
    "GA+AL": {
        "accuracy": 0.6806666666666666,
        "precision": 0.508695652173913,
        "recall": 0.2422360248447205,
        "f1": 0.3281907433380084,
        "time": 0.5790770053863525
    },
    "GA+AL+EL": {
        "accuracy": 0.6446666666666667,
        "precision": 0.451171875,
        "recall": 0.4782608695652174,
        "f1": 0.464321608040201,
        "time": 0.6784083843231201
    }
}