{
    "GA": {
        "accuracy": 0.6866666666666666,
        "precision": 0.5174506828528073,
        "recall": 0.691683569979716,
        "f1": 0.5920138888888888,
        "time": 6.446632146835327
    },
    "Random": {
        "accuracy": 0.6666666666666666,
        "precision": 0.4909560723514212,
        "recall": 0.385395537525355,
        "f1": 0.4318181818181818,
        "time": 0.8140373229980469
    },
    "GA+AL": {
        "accuracy": 0.6713333333333333,
        "precision": 0.0,
        "recall": 0.0,
        "f1": 0.0,
        "time": 0.8805084228515625
    },
    "GA+AL+EL": {
        "accuracy": 0.6713333333333333,
        "precision": 0.0,
        "recall": 0.0,
        "f1": 0.0,
        "time": 1.0154473781585693
    }
}