{
    "GA": {
        "accuracy": 0.7237333333333333,
        "precision": 0.6133625410733844,
        "recall": 0.5406449121452018,
        "f1": 0.5747126436781609,
        "time": 945.329353094101
    },
    "Random": {
        "accuracy": 0.7243333333333334,
        "precision": 0.6173561151079137,
        "recall": 0.5302181888395443,
        "f1": 0.5704788615352654,
        "time": 61.12863850593567
    },
    "GA+AL": {
        "accuracy": 0.6935333333333333,
        "precision": 0.5399835119538334,
        "recall": 0.7588337516895154,
        "f1": 0.6309705386529662,
        "time": 50.23509073257446
    },
    "GA+AL+EL": {
        "accuracy": 0.6772666666666667,
        "precision": 0.5473654708520179,
        "recall": 0.37709982622127824,
        "f1": 0.44655310392134445,
        "time": 51.13115429878235
    }
}