{
    "GA": {
        "accuracy": 0.68,
        "precision": 0.50231124807396,
        "recall": 0.6749482401656315,
        "f1": 0.5759717314487632,
        "time": 5.8117241859436035
    },
    "Random": {
        "accuracy": 0.678,
        "precision": 0.0,
        "recall": 0.0,
        "f1": 0.0,
        "time": 0.9841043949127197
    },
    "GA+AL": {
        "accuracy": 0.658,
        "precision": 0.44140625,
        "recall": 0.23395445134575568,
        "f1": 0.30581867388362655,
        "time": 1.0163178443908691
    },
    "GA+AL+EL": {
        "accuracy": 0.6786666666666666,
        "precision": 0.5009009009009009,
        "recall": 0.5755693581780539,
        "f1": 0.535645472061657,
        "time": 1.162569284439087
    }
}