{
    "GA": {
        "accuracy": 0.6913333333333334,
        "precision": 0.5694444444444444,
        "recall": 0.24949290060851928,
        "f1": 0.3469675599435825,
        "time": 6.316218376159668
    },
    "Random": {
        "accuracy": 0.688,
        "precision": 0.5198098256735341,
        "recall": 0.665314401622718,
        "f1": 0.5836298932384342,
        "time": 0.8905811309814453
    },
    "GA+AL": {
        "accuracy": 0.7026666666666667,
        "precision": 0.6093023255813953,
        "recall": 0.2657200811359026,
        "f1": 0.3700564971751412,
        "time": 0.8979148864746094
    },
    "GA+AL+EL": {
        "accuracy": 0.6486666666666666,
        "precision": 0.42201834862385323,
        "recall": 0.18661257606490872,
        "f1": 0.2587904360056259,
        "time": 1.0356123447418213
    }
}