{
    "GA": {
        "accuracy": 0.6906666666666667,
        "precision": 0.5463414634146342,
        "recall": 0.2318840579710145,
        "f1": 0.32558139534883723,
        "time": 5.296709775924683
    },
    "Random": {
        "accuracy": 0.6453333333333333,
        "precision": 0.4222222222222222,
        "recall": 0.2753623188405797,
        "f1": 0.3333333333333333,
        "time": 0.5880999565124512
    },
    "GA+AL": {
        "accuracy": 0.712,
        "precision": 0.5389312977099237,
        "recall": 0.7308488612836439,
        "f1": 0.6203866432337434,
        "time": 0.5884525775909424
    },
    "GA+AL+EL": {
        "accuracy": 0.7106666666666667,
        "precision": 0.5674931129476584,
        "recall": 0.42650103519668736,
        "f1": 0.48699763593380613,
        "time": 0.6844196319580078
    }
}