{
    "GA": {
        "accuracy": 0.7026666666666667,
        "precision": 0.6093023255813953,
        "recall": 0.2657200811359026,
        "f1": 0.3700564971751412,
        "time": 6.3159637451171875
    },
    "Random": {
        "accuracy": 0.6646666666666666,
        "precision": 0.48878923766816146,
        "recall": 0.4421906693711968,
        "f1": 0.4643237486687966,
        "time": 0.8999392986297607
    },
    "GA+AL": {
        "accuracy": 0.6486666666666666,
        "precision": 0.42201834862385323,
        "recall": 0.18661257606490872,
        "f1": 0.2587904360056259,
        "time": 0.9272232055664062
    },
    "GA+AL+EL": {
        "accuracy": 0.668,
        "precision": 0.4897959183673469,
        "recall": 0.2434077079107505,
        "f1": 0.3252032520325203,
        "time": 1.0679876804351807
    }
}